<?xml version="1.0" encoding="UTF-8" ?>
<XMLDB PATH="mod/uabdatagatherer/db" VERSION="20201105" COMMENT="XMLDB file for Moodle block/uabdatagatherer"
    xmlns:xsi="http://www.w3.org/2001/XMLSchema-instance"
    xsi:noNamespaceSchemaLocation="../../../lib/xmldb/xmldb.xsd"
>
  <TABLES>
    <TABLE NAME="block_uabdatagatherer" COMMENT="Stores a row by course with the general data from the course.">
      <FIELDS>
        <FIELD NAME="id" TYPE="int" LENGTH="10" NOTNULL="true" SEQUENCE="true"/>
        <FIELD NAME="courseid" TYPE="int" LENGTH="10" NOTNULL="true" SEQUENCE="false" COMMENT="Course's ID."/>
        <FIELD NAME="grandearea" TYPE="char" LENGTH="8" NOTNULL="true" DEFAULT="99900000" SEQUENCE="false" COMMENT="Code for area classification used by CAPES for courses."/>
        <FIELD NAME="status" TYPE="int" LENGTH="1" NOTNULL="true" DEFAULT="0" SEQUENCE="false" COMMENT="The data status. 0=open, 1=closed, 2=processed, 3=queued, 4=synced, 5=cleaned."/>
        <FIELD NAME="timestamp_last" TYPE="int" LENGTH="10" NOTNULL="true" DEFAULT="0" SEQUENCE="false" COMMENT="Timestamp to mark the end of the course."/>
        <FIELD NAME="timestamp_last_send" TYPE="int" LENGTH="10" NOTNULL="true" DEFAULT="0" SEQUENCE="false" COMMENT="Last time the data was synced."/>
        <FIELD NAME="timemodified" TYPE="int" LENGTH="10" NOTNULL="true" DEFAULT="0" SEQUENCE="false" COMMENT="Last time the data was modified."/>
      </FIELDS>
      <KEYS>
        <KEY NAME="primary" TYPE="primary" FIELDS="id"/>
      </KEYS>
    </TABLE>
    <TABLE NAME="block_uabdatagatherer_stusta" COMMENT="Stores the status from the students in all the courses.">
      <FIELDS>
        <FIELD NAME="id" TYPE="int" LENGTH="10" NOTNULL="true" SEQUENCE="true"/>
        <FIELD NAME="userid" TYPE="int" LENGTH="10" NOTNULL="true" SEQUENCE="false" COMMENT="Users's ID."/>
        <FIELD NAME="courseid" TYPE="int" LENGTH="10" NOTNULL="true" SEQUENCE="false" COMMENT="Courses's ID."/>
        <FIELD NAME="polouab" TYPE="int" LENGTH="10" NOTNULL="true" DEFAULT="0" SEQUENCE="false" COMMENT="ID code used by CAPES to identify a polo."/>
        <FIELD NAME="status" TYPE="int" LENGTH="10" NOTNULL="true" DEFAULT="0" SEQUENCE="false" COMMENT="Student's status in the course. (0=not student,1=passed,2=failed,3=droped)"/>
        <FIELD NAME="timemodified" TYPE="int" LENGTH="10" NOTNULL="true" DEFAULT="0" SEQUENCE="false" COMMENT="Last time this record was modified."/>
      </FIELDS>
      <KEYS>
        <KEY NAME="primary" TYPE="primary" FIELDS="id"/>
      </KEYS>
    </TABLE>
    <TABLE NAME="block_uabdatagatherer_basket" COMMENT="Used to store the value of the itens in the basket">
      <FIELDS>
        <FIELD NAME="id" TYPE="int" LENGTH="10" NOTNULL="true" SEQUENCE="true"/>
        <FIELD NAME="userid" TYPE="int" LENGTH="10" NOTNULL="true" SEQUENCE="false" COMMENT="User's ID."/>
        <FIELD NAME="courseid" TYPE="int" LENGTH="10" NOTNULL="true" SEQUENCE="false" COMMENT="Course's ID."/>
        <FIELD NAME="itemid" TYPE="int" LENGTH="10" NOTNULL="true" SEQUENCE="false" COMMENT="Item ID, look in edudatagatherer_items."/>
        <FIELD NAME="value" TYPE="char" LENGTH="20" NOTNULL="false" SEQUENCE="false" COMMENT="Value of the item for a student in a course."/>
      </FIELDS>
      <KEYS>
        <KEY NAME="primary" TYPE="primary" FIELDS="id"/>
      </KEYS>
    </TABLE>
    <TABLE NAME="block_uabdatagatherer_items" COMMENT="Stores the itens id and names.">
      <FIELDS>
        <FIELD NAME="id" TYPE="int" LENGTH="10" NOTNULL="true" SEQUENCE="true"/>
        <FIELD NAME="label" TYPE="char" LENGTH="255" NOTNULL="true" SEQUENCE="false" COMMENT="A label for the Item."/>
      </FIELDS>
      <KEYS>
        <KEY NAME="primary" TYPE="primary" FIELDS="id"/>
      </KEYS>
    </TABLE>
    <TABLE NAME="block_uabdatagatherer_course" COMMENT="Stores the courses id and names.">
      <FIELDS>
        <FIELD NAME="id" TYPE="int" LENGTH="10" NOTNULL="true" SEQUENCE="true"/>
        <FIELD NAME="uab_id" TYPE="int" LENGTH="10" NOTNULL="true" SEQUENCE="false"/>
        <FIELD NAME="name" TYPE="char" LENGTH="255" NOTNULL="true" SEQUENCE="false" COMMENT="A label for the Course."/>
        <FIELD NAME="root_category" TYPE="char" LENGTH="255" NOTNULL="false" SEQUENCE="false" COMMENT="Categoria raiz do curso UAB."/>
        <FIELD NAME="last_send" TYPE="int" LENGTH="10" NOTNULL="true" DEFAULT="0" SEQUENCE="false" COMMENT="Last time this record was modified."/>
        <FIELD NAME="status" TYPE="char" LENGTH="255" NOTNULL="true" SEQUENCE="false" COMMENT="Course processing status."/>
      </FIELDS>
      <KEYS>
        <KEY NAME="primary" TYPE="primary" FIELDS="id, uab_id"/>
        <KEY NAME="unique" TYPE="unique" FIELDS="uab_id"/>
      </KEYS>
    </TABLE>
    <TABLE NAME="block_uabdatagatherer_subjec" COMMENT="Stores the subjects id and names.">
      <FIELDS>
        <FIELD NAME="id" TYPE="int" LENGTH="10" NOTNULL="true" SEQUENCE="true"/>
        <FIELD NAME="uab_id" TYPE="int" LENGTH="10" NOTNULL="true" SEQUENCE="false"/>
        <FIELD NAME="subject_id" TYPE="int" LENGTH="10" NOTNULL="true" SEQUENCE="false"/>
        <FIELD NAME="status" TYPE="char" LENGTH="255" NOTNULL="false" SEQUENCE="false"/>
      </FIELDS>
      <KEYS>
        <KEY NAME="primary" TYPE="primary" FIELDS="id"/>
        <KEY NAME="foreign1" TYPE="foreign" FIELDS="uab_id" REFTABLE="block_uabdatagatherer_course" REFFIELDS="uab_id"/>
        <KEY NAME="foreign2" TYPE="foreign" FIELDS="subject_id" REFTABLE="course" REFFIELDS="id"/>
      </KEYS>
    </TABLE>
    <TABLE NAME="block_uabdatagatherer_rquest" COMMENT="Stores requests and status to cron.php.">
      <FIELDS>
        <FIELD NAME="id" TYPE="int" LENGTH="10" NOTNULL="true" SEQUENCE="true"/>
        <FIELD NAME="from_datetime" TYPE="int" LENGTH="10" NOTNULL="true" SEQUENCE="false"/>
        <FIELD NAME="status" TYPE="char" LENGTH="255" NOTNULL="true" SEQUENCE="false"/>
        <FIELD NAME="created_at" TYPE="int" LENGTH="10" NOTNULL="true" DEFAULT="0" SEQUENCE="false"/>
        <FIELD NAME="until_datetime" TYPE="int" LENGTH="10" NOTNULL="false" SEQUENCE="false"/>
      </FIELDS>
      <KEYS>
        <KEY NAME="primary" TYPE="primary" FIELDS="id"/>
      </KEYS>
    </TABLE>
  </TABLES>
</XMLDB>